     shots,    errors,  discards, seconds,decoder,strong_id,json_metadata,custom_counts
         1,         0,         0,   0.011,bposd,a61e3e43d17e3f5440d23b0ac731e8aa887372e396d426156d384f96acec415e,"{""A"":""'300102'"",""B"":""'031020'"",""b"":""Z"",""code"":""BB"",""l"":12,""m"":6,""nkd"":""[[144_12_12]]"",""noise"":""longchain"",""p"":0.001,""r"":12}",
         1,         0,         0,   0.011,bposd,a61e3e43d17e3f5440d23b0ac731e8aa887372e396d426156d384f96acec415e,"{""A"":""'300102'"",""B"":""'031020'"",""b"":""Z"",""code"":""BB"",""l"":12,""m"":6,""nkd"":""[[144_12_12]]"",""noise"":""longchain"",""p"":0.001,""r"":12}",
         1,         0,         0,   0.014,bposd,a61e3e43d17e3f5440d23b0ac731e8aa887372e396d426156d384f96acec415e,"{""A"":""'300102'"",""B"":""'031020'"",""b"":""Z"",""code"":""BB"",""l"":12,""m"":6,""nkd"":""[[144_12_12]]"",""noise"":""longchain"",""p"":0.001,""r"":12}",
         1,         0,         0,   0.017,bposd,a61e3e43d17e3f5440d23b0ac731e8aa887372e396d426156d384f96acec415e,"{""A"":""'300102'"",""B"":""'031020'"",""b"":""Z"",""code"":""BB"",""l"":12,""m"":6,""nkd"":""[[144_12_12]]"",""noise"":""longchain"",""p"":0.001,""r"":12}",
         1,         0,         0,   0.011,bposd,a61e3e43d17e3f5440d23b0ac731e8aa887372e396d426156d384f96acec415e,"{""A"":""'300102'"",""B"":""'031020'"",""b"":""Z"",""code"":""BB"",""l"":12,""m"":6,""nkd"":""[[144_12_12]]"",""noise"":""longchain"",""p"":0.001,""r"":12}",
         1,         0,         0,   0.022,bposd,a61e3e43d17e3f5440d23b0ac731e8aa887372e396d426156d384f96acec415e,"{""A"":""'300102'"",""B"":""'031020'"",""b"":""Z"",""code"":""BB"",""l"":12,""m"":6,""nkd"":""[[144_12_12]]"",""noise"":""longchain"",""p"":0.001,""r"":12}",
         1,         0,         0,   0.011,bposd,a61e3e43d17e3f5440d23b0ac731e8aa887372e396d426156d384f96acec415e,"{""A"":""'300102'"",""B"":""'031020'"",""b"":""Z"",""code"":""BB"",""l"":12,""m"":6,""nkd"":""[[144_12_12]]"",""noise"":""longchain"",""p"":0.001,""r"":12}",
         1,         0,         0,   0.010,bposd,a61e3e43d17e3f5440d23b0ac731e8aa887372e396d426156d384f96acec415e,"{""A"":""'300102'"",""B"":""'031020'"",""b"":""Z"",""code"":""BB"",""l"":12,""m"":6,""nkd"":""[[144_12_12]]"",""noise"":""longchain"",""p"":0.001,""r"":12}",
         1,         0,         0,   0.090,bposd,a61e3e43d17e3f5440d23b0ac731e8aa887372e396d426156d384f96acec415e,"{""A"":""'300102'"",""B"":""'031020'"",""b"":""Z"",""code"":""BB"",""l"":12,""m"":6,""nkd"":""[[144_12_12]]"",""noise"":""longchain"",""p"":0.001,""r"":12}",
         1,         0,         0,   0.016,bposd,a61e3e43d17e3f5440d23b0ac731e8aa887372e396d426156d384f96acec415e,"{""A"":""'300102'"",""B"":""'031020'"",""b"":""Z"",""code"":""BB"",""l"":12,""m"":6,""nkd"":""[[144_12_12]]"",""noise"":""longchain"",""p"":0.001,""r"":12}",
        17,         0,         0,   0.125,bposd,a61e3e43d17e3f5440d23b0ac731e8aa887372e396d426156d384f96acec415e,"{""A"":""'300102'"",""B"":""'031020'"",""b"":""Z"",""code"":""BB"",""l"":12,""m"":6,""nkd"":""[[144_12_12]]"",""noise"":""longchain"",""p"":0.001,""r"":12}",
        17,         0,         0,   0.140,bposd,a61e3e43d17e3f5440d23b0ac731e8aa887372e396d426156d384f96acec415e,"{""A"":""'300102'"",""B"":""'031020'"",""b"":""Z"",""code"":""BB"",""l"":12,""m"":6,""nkd"":""[[144_12_12]]"",""noise"":""longchain"",""p"":0.001,""r"":12}",
        16,         0,         0,   0.124,bposd,a61e3e43d17e3f5440d23b0ac731e8aa887372e396d426156d384f96acec415e,"{""A"":""'300102'"",""B"":""'031020'"",""b"":""Z"",""code"":""BB"",""l"":12,""m"":6,""nkd"":""[[144_12_12]]"",""noise"":""longchain"",""p"":0.001,""r"":12}",
         4,         0,         0,   0.041,bposd,a61e3e43d17e3f5440d23b0ac731e8aa887372e396d426156d384f96acec415e,"{""A"":""'300102'"",""B"":""'031020'"",""b"":""Z"",""code"":""BB"",""l"":12,""m"":6,""nkd"":""[[144_12_12]]"",""noise"":""longchain"",""p"":0.001,""r"":12}",
        16,         0,         0,   0.126,bposd,a61e3e43d17e3f5440d23b0ac731e8aa887372e396d426156d384f96acec415e,"{""A"":""'300102'"",""B"":""'031020'"",""b"":""Z"",""code"":""BB"",""l"":12,""m"":6,""nkd"":""[[144_12_12]]"",""noise"":""longchain"",""p"":0.001,""r"":12}",
        16,         0,         0,   0.126,bposd,a61e3e43d17e3f5440d23b0ac731e8aa887372e396d426156d384f96acec415e,"{""A"":""'300102'"",""B"":""'031020'"",""b"":""Z"",""code"":""BB"",""l"":12,""m"":6,""nkd"":""[[144_12_12]]"",""noise"":""longchain"",""p"":0.001,""r"":12}",
        16,         0,         0,   0.159,bposd,a61e3e43d17e3f5440d23b0ac731e8aa887372e396d426156d384f96acec415e,"{""A"":""'300102'"",""B"":""'031020'"",""b"":""Z"",""code"":""BB"",""l"":12,""m"":6,""nkd"":""[[144_12_12]]"",""noise"":""longchain"",""p"":0.001,""r"":12}",
        17,         0,         0,   0.175,bposd,a61e3e43d17e3f5440d23b0ac731e8aa887372e396d426156d384f96acec415e,"{""A"":""'300102'"",""B"":""'031020'"",""b"":""Z"",""code"":""BB"",""l"":12,""m"":6,""nkd"":""[[144_12_12]]"",""noise"":""longchain"",""p"":0.001,""r"":12}",
        17,         0,         0,   0.205,bposd,a61e3e43d17e3f5440d23b0ac731e8aa887372e396d426156d384f96acec415e,"{""A"":""'300102'"",""B"":""'031020'"",""b"":""Z"",""code"":""BB"",""l"":12,""m"":6,""nkd"":""[[144_12_12]]"",""noise"":""longchain"",""p"":0.001,""r"":12}",
        16,         0,         0,   0.184,bposd,a61e3e43d17e3f5440d23b0ac731e8aa887372e396d426156d384f96acec415e,"{""A"":""'300102'"",""B"":""'031020'"",""b"":""Z"",""code"":""BB"",""l"":12,""m"":6,""nkd"":""[[144_12_12]]"",""noise"":""longchain"",""p"":0.001,""r"":12}",
        16,         0,         0,   0.216,bposd,a61e3e43d17e3f5440d23b0ac731e8aa887372e396d426156d384f96acec415e,"{""A"":""'300102'"",""B"":""'031020'"",""b"":""Z"",""code"":""BB"",""l"":12,""m"":6,""nkd"":""[[144_12_12]]"",""noise"":""longchain"",""p"":0.001,""r"":12}",
        16,         0,         0,   0.135,bposd,a61e3e43d17e3f5440d23b0ac731e8aa887372e396d426156d384f96acec415e,"{""A"":""'300102'"",""B"":""'031020'"",""b"":""Z"",""code"":""BB"",""l"":12,""m"":6,""nkd"":""[[144_12_12]]"",""noise"":""longchain"",""p"":0.001,""r"":12}",
        16,         0,         0,   0.241,bposd,a61e3e43d17e3f5440d23b0ac731e8aa887372e396d426156d384f96acec415e,"{""A"":""'300102'"",""B"":""'031020'"",""b"":""Z"",""code"":""BB"",""l"":12,""m"":6,""nkd"":""[[144_12_12]]"",""noise"":""longchain"",""p"":0.001,""r"":12}",
        16,         0,         0,   0.239,bposd,a61e3e43d17e3f5440d23b0ac731e8aa887372e396d426156d384f96acec415e,"{""A"":""'300102'"",""B"":""'031020'"",""b"":""Z"",""code"":""BB"",""l"":12,""m"":6,""nkd"":""[[144_12_12]]"",""noise"":""longchain"",""p"":0.001,""r"":12}",
        17,         0,         0,   0.308,bposd,a61e3e43d17e3f5440d23b0ac731e8aa887372e396d426156d384f96acec415e,"{""A"":""'300102'"",""B"":""'031020'"",""b"":""Z"",""code"":""BB"",""l"":12,""m"":6,""nkd"":""[[144_12_12]]"",""noise"":""longchain"",""p"":0.001,""r"":12}",
        17,         0,         0,   0.226,bposd,a61e3e43d17e3f5440d23b0ac731e8aa887372e396d426156d384f96acec415e,"{""A"":""'300102'"",""B"":""'031020'"",""b"":""Z"",""code"":""BB"",""l"":12,""m"":6,""nkd"":""[[144_12_12]]"",""noise"":""longchain"",""p"":0.001,""r"":12}",
        32,         0,         0,   0.263,bposd,a61e3e43d17e3f5440d23b0ac731e8aa887372e396d426156d384f96acec415e,"{""A"":""'300102'"",""B"":""'031020'"",""b"":""Z"",""code"":""BB"",""l"":12,""m"":6,""nkd"":""[[144_12_12]]"",""noise"":""longchain"",""p"":0.001,""r"":12}",
        32,         0,         0,   0.257,bposd,a61e3e43d17e3f5440d23b0ac731e8aa887372e396d426156d384f96acec415e,"{""A"":""'300102'"",""B"":""'031020'"",""b"":""Z"",""code"":""BB"",""l"":12,""m"":6,""nkd"":""[[144_12_12]]"",""noise"":""longchain"",""p"":0.001,""r"":12}",
        16,         0,         0,   0.148,bposd,a61e3e43d17e3f5440d23b0ac731e8aa887372e396d426156d384f96acec415e,"{""A"":""'300102'"",""B"":""'031020'"",""b"":""Z"",""code"":""BB"",""l"":12,""m"":6,""nkd"":""[[144_12_12]]"",""noise"":""longchain"",""p"":0.001,""r"":12}",
        32,         0,         0,   0.321,bposd,a61e3e43d17e3f5440d23b0ac731e8aa887372e396d426156d384f96acec415e,"{""A"":""'300102'"",""B"":""'031020'"",""b"":""Z"",""code"":""BB"",""l"":12,""m"":6,""nkd"":""[[144_12_12]]"",""noise"":""longchain"",""p"":0.001,""r"":12}",
        32,         0,         0,   0.274,bposd,a61e3e43d17e3f5440d23b0ac731e8aa887372e396d426156d384f96acec415e,"{""A"":""'300102'"",""B"":""'031020'"",""b"":""Z"",""code"":""BB"",""l"":12,""m"":6,""nkd"":""[[144_12_12]]"",""noise"":""longchain"",""p"":0.001,""r"":12}",
        32,         0,         0,   0.298,bposd,a61e3e43d17e3f5440d23b0ac731e8aa887372e396d426156d384f96acec415e,"{""A"":""'300102'"",""B"":""'031020'"",""b"":""Z"",""code"":""BB"",""l"":12,""m"":6,""nkd"":""[[144_12_12]]"",""noise"":""longchain"",""p"":0.001,""r"":12}",
        32,         0,         0,   0.313,bposd,a61e3e43d17e3f5440d23b0ac731e8aa887372e396d426156d384f96acec415e,"{""A"":""'300102'"",""B"":""'031020'"",""b"":""Z"",""code"":""BB"",""l"":12,""m"":6,""nkd"":""[[144_12_12]]"",""noise"":""longchain"",""p"":0.001,""r"":12}",
        32,         0,         0,   0.294,bposd,a61e3e43d17e3f5440d23b0ac731e8aa887372e396d426156d384f96acec415e,"{""A"":""'300102'"",""B"":""'031020'"",""b"":""Z"",""code"":""BB"",""l"":12,""m"":6,""nkd"":""[[144_12_12]]"",""noise"":""longchain"",""p"":0.001,""r"":12}",
        32,         0,         0,   0.355,bposd,a61e3e43d17e3f5440d23b0ac731e8aa887372e396d426156d384f96acec415e,"{""A"":""'300102'"",""B"":""'031020'"",""b"":""Z"",""code"":""BB"",""l"":12,""m"":6,""nkd"":""[[144_12_12]]"",""noise"":""longchain"",""p"":0.001,""r"":12}",
        64,         0,         0,   0.495,bposd,a61e3e43d17e3f5440d23b0ac731e8aa887372e396d426156d384f96acec415e,"{""A"":""'300102'"",""B"":""'031020'"",""b"":""Z"",""code"":""BB"",""l"":12,""m"":6,""nkd"":""[[144_12_12]]"",""noise"":""longchain"",""p"":0.001,""r"":12}",
        64,         0,         0,   0.575,bposd,a61e3e43d17e3f5440d23b0ac731e8aa887372e396d426156d384f96acec415e,"{""A"":""'300102'"",""B"":""'031020'"",""b"":""Z"",""code"":""BB"",""l"":12,""m"":6,""nkd"":""[[144_12_12]]"",""noise"":""longchain"",""p"":0.001,""r"":12}",
        64,         0,         0,   0.595,bposd,a61e3e43d17e3f5440d23b0ac731e8aa887372e396d426156d384f96acec415e,"{""A"":""'300102'"",""B"":""'031020'"",""b"":""Z"",""code"":""BB"",""l"":12,""m"":6,""nkd"":""[[144_12_12]]"",""noise"":""longchain"",""p"":0.001,""r"":12}",
        32,         0,         0,   0.295,bposd,a61e3e43d17e3f5440d23b0ac731e8aa887372e396d426156d384f96acec415e,"{""A"":""'300102'"",""B"":""'031020'"",""b"":""Z"",""code"":""BB"",""l"":12,""m"":6,""nkd"":""[[144_12_12]]"",""noise"":""longchain"",""p"":0.001,""r"":12}",
        32,         0,         0,   0.435,bposd,a61e3e43d17e3f5440d23b0ac731e8aa887372e396d426156d384f96acec415e,"{""A"":""'300102'"",""B"":""'031020'"",""b"":""Z"",""code"":""BB"",""l"":12,""m"":6,""nkd"":""[[144_12_12]]"",""noise"":""longchain"",""p"":0.001,""r"":12}",
        64,         0,         0,   0.528,bposd,a61e3e43d17e3f5440d23b0ac731e8aa887372e396d426156d384f96acec415e,"{""A"":""'300102'"",""B"":""'031020'"",""b"":""Z"",""code"":""BB"",""l"":12,""m"":6,""nkd"":""[[144_12_12]]"",""noise"":""longchain"",""p"":0.001,""r"":12}",
        64,         0,         0,   0.665,bposd,a61e3e43d17e3f5440d23b0ac731e8aa887372e396d426156d384f96acec415e,"{""A"":""'300102'"",""B"":""'031020'"",""b"":""Z"",""code"":""BB"",""l"":12,""m"":6,""nkd"":""[[144_12_12]]"",""noise"":""longchain"",""p"":0.001,""r"":12}",
        64,         0,         0,   0.668,bposd,a61e3e43d17e3f5440d23b0ac731e8aa887372e396d426156d384f96acec415e,"{""A"":""'300102'"",""B"":""'031020'"",""b"":""Z"",""code"":""BB"",""l"":12,""m"":6,""nkd"":""[[144_12_12]]"",""noise"":""longchain"",""p"":0.001,""r"":12}",
        32,         0,         0,   0.346,bposd,a61e3e43d17e3f5440d23b0ac731e8aa887372e396d426156d384f96acec415e,"{""A"":""'300102'"",""B"":""'031020'"",""b"":""Z"",""code"":""BB"",""l"":12,""m"":6,""nkd"":""[[144_12_12]]"",""noise"":""longchain"",""p"":0.001,""r"":12}",
        32,         0,         0,   0.486,bposd,a61e3e43d17e3f5440d23b0ac731e8aa887372e396d426156d384f96acec415e,"{""A"":""'300102'"",""B"":""'031020'"",""b"":""Z"",""code"":""BB"",""l"":12,""m"":6,""nkd"":""[[144_12_12]]"",""noise"":""longchain"",""p"":0.001,""r"":12}",
        64,         0,         0,   0.646,bposd,a61e3e43d17e3f5440d23b0ac731e8aa887372e396d426156d384f96acec415e,"{""A"":""'300102'"",""B"":""'031020'"",""b"":""Z"",""code"":""BB"",""l"":12,""m"":6,""nkd"":""[[144_12_12]]"",""noise"":""longchain"",""p"":0.001,""r"":12}",
        32,         0,         0,   0.273,bposd,a61e3e43d17e3f5440d23b0ac731e8aa887372e396d426156d384f96acec415e,"{""A"":""'300102'"",""B"":""'031020'"",""b"":""Z"",""code"":""BB"",""l"":12,""m"":6,""nkd"":""[[144_12_12]]"",""noise"":""longchain"",""p"":0.001,""r"":12}",
        64,         0,         0,   0.591,bposd,a61e3e43d17e3f5440d23b0ac731e8aa887372e396d426156d384f96acec415e,"{""A"":""'300102'"",""B"":""'031020'"",""b"":""Z"",""code"":""BB"",""l"":12,""m"":6,""nkd"":""[[144_12_12]]"",""noise"":""longchain"",""p"":0.001,""r"":12}",
        64,         0,         0,   0.682,bposd,a61e3e43d17e3f5440d23b0ac731e8aa887372e396d426156d384f96acec415e,"{""A"":""'300102'"",""B"":""'031020'"",""b"":""Z"",""code"":""BB"",""l"":12,""m"":6,""nkd"":""[[144_12_12]]"",""noise"":""longchain"",""p"":0.001,""r"":12}",
        64,         0,         0,   0.629,bposd,a61e3e43d17e3f5440d23b0ac731e8aa887372e396d426156d384f96acec415e,"{""A"":""'300102'"",""B"":""'031020'"",""b"":""Z"",""code"":""BB"",""l"":12,""m"":6,""nkd"":""[[144_12_12]]"",""noise"":""longchain"",""p"":0.001,""r"":12}",
        32,         0,         0,   0.281,bposd,a61e3e43d17e3f5440d23b0ac731e8aa887372e396d426156d384f96acec415e,"{""A"":""'300102'"",""B"":""'031020'"",""b"":""Z"",""code"":""BB"",""l"":12,""m"":6,""nkd"":""[[144_12_12]]"",""noise"":""longchain"",""p"":0.001,""r"":12}",
        32,         0,         0,   0.298,bposd,a61e3e43d17e3f5440d23b0ac731e8aa887372e396d426156d384f96acec415e,"{""A"":""'300102'"",""B"":""'031020'"",""b"":""Z"",""code"":""BB"",""l"":12,""m"":6,""nkd"":""[[144_12_12]]"",""noise"":""longchain"",""p"":0.001,""r"":12}",
        64,         0,         0,   0.533,bposd,a61e3e43d17e3f5440d23b0ac731e8aa887372e396d426156d384f96acec415e,"{""A"":""'300102'"",""B"":""'031020'"",""b"":""Z"",""code"":""BB"",""l"":12,""m"":6,""nkd"":""[[144_12_12]]"",""noise"":""longchain"",""p"":0.001,""r"":12}",
        64,         0,         0,   0.526,bposd,a61e3e43d17e3f5440d23b0ac731e8aa887372e396d426156d384f96acec415e,"{""A"":""'300102'"",""B"":""'031020'"",""b"":""Z"",""code"":""BB"",""l"":12,""m"":6,""nkd"":""[[144_12_12]]"",""noise"":""longchain"",""p"":0.001,""r"":12}",
        64,         0,         0,   0.723,bposd,a61e3e43d17e3f5440d23b0ac731e8aa887372e396d426156d384f96acec415e,"{""A"":""'300102'"",""B"":""'031020'"",""b"":""Z"",""code"":""BB"",""l"":12,""m"":6,""nkd"":""[[144_12_12]]"",""noise"":""longchain"",""p"":0.001,""r"":12}",
        64,         0,         0,   0.961,bposd,a61e3e43d17e3f5440d23b0ac731e8aa887372e396d426156d384f96acec415e,"{""A"":""'300102'"",""B"":""'031020'"",""b"":""Z"",""code"":""BB"",""l"":12,""m"":6,""nkd"":""[[144_12_12]]"",""noise"":""longchain"",""p"":0.001,""r"":12}",
        64,         0,         0,   0.679,bposd,a61e3e43d17e3f5440d23b0ac731e8aa887372e396d426156d384f96acec415e,"{""A"":""'300102'"",""B"":""'031020'"",""b"":""Z"",""code"":""BB"",""l"":12,""m"":6,""nkd"":""[[144_12_12]]"",""noise"":""longchain"",""p"":0.001,""r"":12}",
        64,         0,         0,   0.974,bposd,a61e3e43d17e3f5440d23b0ac731e8aa887372e396d426156d384f96acec415e,"{""A"":""'300102'"",""B"":""'031020'"",""b"":""Z"",""code"":""BB"",""l"":12,""m"":6,""nkd"":""[[144_12_12]]"",""noise"":""longchain"",""p"":0.001,""r"":12}",
        64,         0,         0,   0.504,bposd,a61e3e43d17e3f5440d23b0ac731e8aa887372e396d426156d384f96acec415e,"{""A"":""'300102'"",""B"":""'031020'"",""b"":""Z"",""code"":""BB"",""l"":12,""m"":6,""nkd"":""[[144_12_12]]"",""noise"":""longchain"",""p"":0.001,""r"":12}",
        64,         0,         0,   0.596,bposd,a61e3e43d17e3f5440d23b0ac731e8aa887372e396d426156d384f96acec415e,"{""A"":""'300102'"",""B"":""'031020'"",""b"":""Z"",""code"":""BB"",""l"":12,""m"":6,""nkd"":""[[144_12_12]]"",""noise"":""longchain"",""p"":0.001,""r"":12}",
        64,         0,         0,   0.607,bposd,a61e3e43d17e3f5440d23b0ac731e8aa887372e396d426156d384f96acec415e,"{""A"":""'300102'"",""B"":""'031020'"",""b"":""Z"",""code"":""BB"",""l"":12,""m"":6,""nkd"":""[[144_12_12]]"",""noise"":""longchain"",""p"":0.001,""r"":12}",
        64,         0,         0,   0.648,bposd,a61e3e43d17e3f5440d23b0ac731e8aa887372e396d426156d384f96acec415e,"{""A"":""'300102'"",""B"":""'031020'"",""b"":""Z"",""code"":""BB"",""l"":12,""m"":6,""nkd"":""[[144_12_12]]"",""noise"":""longchain"",""p"":0.001,""r"":12}",
        64,         0,         0,    1.01,bposd,a61e3e43d17e3f5440d23b0ac731e8aa887372e396d426156d384f96acec415e,"{""A"":""'300102'"",""B"":""'031020'"",""b"":""Z"",""code"":""BB"",""l"":12,""m"":6,""nkd"":""[[144_12_12]]"",""noise"":""longchain"",""p"":0.001,""r"":12}",
        64,         0,         0,   0.950,bposd,a61e3e43d17e3f5440d23b0ac731e8aa887372e396d426156d384f96acec415e,"{""A"":""'300102'"",""B"":""'031020'"",""b"":""Z"",""code"":""BB"",""l"":12,""m"":6,""nkd"":""[[144_12_12]]"",""noise"":""longchain"",""p"":0.001,""r"":12}",
        64,         0,         0,   0.532,bposd,a61e3e43d17e3f5440d23b0ac731e8aa887372e396d426156d384f96acec415e,"{""A"":""'300102'"",""B"":""'031020'"",""b"":""Z"",""code"":""BB"",""l"":12,""m"":6,""nkd"":""[[144_12_12]]"",""noise"":""longchain"",""p"":0.001,""r"":12}",
        64,         0,         0,   0.639,bposd,a61e3e43d17e3f5440d23b0ac731e8aa887372e396d426156d384f96acec415e,"{""A"":""'300102'"",""B"":""'031020'"",""b"":""Z"",""code"":""BB"",""l"":12,""m"":6,""nkd"":""[[144_12_12]]"",""noise"":""longchain"",""p"":0.001,""r"":12}",
        64,         0,         0,    1.12,bposd,a61e3e43d17e3f5440d23b0ac731e8aa887372e396d426156d384f96acec415e,"{""A"":""'300102'"",""B"":""'031020'"",""b"":""Z"",""code"":""BB"",""l"":12,""m"":6,""nkd"":""[[144_12_12]]"",""noise"":""longchain"",""p"":0.001,""r"":12}",
        64,         0,         0,   0.659,bposd,a61e3e43d17e3f5440d23b0ac731e8aa887372e396d426156d384f96acec415e,"{""A"":""'300102'"",""B"":""'031020'"",""b"":""Z"",""code"":""BB"",""l"":12,""m"":6,""nkd"":""[[144_12_12]]"",""noise"":""longchain"",""p"":0.001,""r"":12}",
        64,         0,         0,   0.653,bposd,a61e3e43d17e3f5440d23b0ac731e8aa887372e396d426156d384f96acec415e,"{""A"":""'300102'"",""B"":""'031020'"",""b"":""Z"",""code"":""BB"",""l"":12,""m"":6,""nkd"":""[[144_12_12]]"",""noise"":""longchain"",""p"":0.001,""r"":12}",
        64,         0,         0,   0.527,bposd,a61e3e43d17e3f5440d23b0ac731e8aa887372e396d426156d384f96acec415e,"{""A"":""'300102'"",""B"":""'031020'"",""b"":""Z"",""code"":""BB"",""l"":12,""m"":6,""nkd"":""[[144_12_12]]"",""noise"":""longchain"",""p"":0.001,""r"":12}",
        64,         0,         0,   0.769,bposd,a61e3e43d17e3f5440d23b0ac731e8aa887372e396d426156d384f96acec415e,"{""A"":""'300102'"",""B"":""'031020'"",""b"":""Z"",""code"":""BB"",""l"":12,""m"":6,""nkd"":""[[144_12_12]]"",""noise"":""longchain"",""p"":0.001,""r"":12}",
        64,         0,         0,   0.611,bposd,a61e3e43d17e3f5440d23b0ac731e8aa887372e396d426156d384f96acec415e,"{""A"":""'300102'"",""B"":""'031020'"",""b"":""Z"",""code"":""BB"",""l"":12,""m"":6,""nkd"":""[[144_12_12]]"",""noise"":""longchain"",""p"":0.001,""r"":12}",
        64,         0,         0,   0.883,bposd,a61e3e43d17e3f5440d23b0ac731e8aa887372e396d426156d384f96acec415e,"{""A"":""'300102'"",""B"":""'031020'"",""b"":""Z"",""code"":""BB"",""l"":12,""m"":6,""nkd"":""[[144_12_12]]"",""noise"":""longchain"",""p"":0.001,""r"":12}",
        64,         0,         0,   0.498,bposd,a61e3e43d17e3f5440d23b0ac731e8aa887372e396d426156d384f96acec415e,"{""A"":""'300102'"",""B"":""'031020'"",""b"":""Z"",""code"":""BB"",""l"":12,""m"":6,""nkd"":""[[144_12_12]]"",""noise"":""longchain"",""p"":0.001,""r"":12}",
        64,         0,         0,   0.609,bposd,a61e3e43d17e3f5440d23b0ac731e8aa887372e396d426156d384f96acec415e,"{""A"":""'300102'"",""B"":""'031020'"",""b"":""Z"",""code"":""BB"",""l"":12,""m"":6,""nkd"":""[[144_12_12]]"",""noise"":""longchain"",""p"":0.001,""r"":12}",
        64,         0,         0,   0.693,bposd,a61e3e43d17e3f5440d23b0ac731e8aa887372e396d426156d384f96acec415e,"{""A"":""'300102'"",""B"":""'031020'"",""b"":""Z"",""code"":""BB"",""l"":12,""m"":6,""nkd"":""[[144_12_12]]"",""noise"":""longchain"",""p"":0.001,""r"":12}",
        64,         0,         0,    1.06,bposd,a61e3e43d17e3f5440d23b0ac731e8aa887372e396d426156d384f96acec415e,"{""A"":""'300102'"",""B"":""'031020'"",""b"":""Z"",""code"":""BB"",""l"":12,""m"":6,""nkd"":""[[144_12_12]]"",""noise"":""longchain"",""p"":0.001,""r"":12}",
        64,         0,         0,   0.806,bposd,a61e3e43d17e3f5440d23b0ac731e8aa887372e396d426156d384f96acec415e,"{""A"":""'300102'"",""B"":""'031020'"",""b"":""Z"",""code"":""BB"",""l"":12,""m"":6,""nkd"":""[[144_12_12]]"",""noise"":""longchain"",""p"":0.001,""r"":12}",
        64,         0,         0,    1.05,bposd,a61e3e43d17e3f5440d23b0ac731e8aa887372e396d426156d384f96acec415e,"{""A"":""'300102'"",""B"":""'031020'"",""b"":""Z"",""code"":""BB"",""l"":12,""m"":6,""nkd"":""[[144_12_12]]"",""noise"":""longchain"",""p"":0.001,""r"":12}",
        64,         0,         0,    1.06,bposd,a61e3e43d17e3f5440d23b0ac731e8aa887372e396d426156d384f96acec415e,"{""A"":""'300102'"",""B"":""'031020'"",""b"":""Z"",""code"":""BB"",""l"":12,""m"":6,""nkd"":""[[144_12_12]]"",""noise"":""longchain"",""p"":0.001,""r"":12}",
        64,         0,         0,   0.796,bposd,a61e3e43d17e3f5440d23b0ac731e8aa887372e396d426156d384f96acec415e,"{""A"":""'300102'"",""B"":""'031020'"",""b"":""Z"",""code"":""BB"",""l"":12,""m"":6,""nkd"":""[[144_12_12]]"",""noise"":""longchain"",""p"":0.001,""r"":12}",
        64,         0,         0,    1.24,bposd,a61e3e43d17e3f5440d23b0ac731e8aa887372e396d426156d384f96acec415e,"{""A"":""'300102'"",""B"":""'031020'"",""b"":""Z"",""code"":""BB"",""l"":12,""m"":6,""nkd"":""[[144_12_12]]"",""noise"":""longchain"",""p"":0.001,""r"":12}",
        64,         0,         0,    1.29,bposd,a61e3e43d17e3f5440d23b0ac731e8aa887372e396d426156d384f96acec415e,"{""A"":""'300102'"",""B"":""'031020'"",""b"":""Z"",""code"":""BB"",""l"":12,""m"":6,""nkd"":""[[144_12_12]]"",""noise"":""longchain"",""p"":0.001,""r"":12}",
        64,         0,         0,   0.931,bposd,a61e3e43d17e3f5440d23b0ac731e8aa887372e396d426156d384f96acec415e,"{""A"":""'300102'"",""B"":""'031020'"",""b"":""Z"",""code"":""BB"",""l"":12,""m"":6,""nkd"":""[[144_12_12]]"",""noise"":""longchain"",""p"":0.001,""r"":12}",
        64,         0,         0,   0.978,bposd,a61e3e43d17e3f5440d23b0ac731e8aa887372e396d426156d384f96acec415e,"{""A"":""'300102'"",""B"":""'031020'"",""b"":""Z"",""code"":""BB"",""l"":12,""m"":6,""nkd"":""[[144_12_12]]"",""noise"":""longchain"",""p"":0.001,""r"":12}",
        64,         0,         0,    1.18,bposd,a61e3e43d17e3f5440d23b0ac731e8aa887372e396d426156d384f96acec415e,"{""A"":""'300102'"",""B"":""'031020'"",""b"":""Z"",""code"":""BB"",""l"":12,""m"":6,""nkd"":""[[144_12_12]]"",""noise"":""longchain"",""p"":0.001,""r"":12}",
        64,         0,         0,    1.23,bposd,a61e3e43d17e3f5440d23b0ac731e8aa887372e396d426156d384f96acec415e,"{""A"":""'300102'"",""B"":""'031020'"",""b"":""Z"",""code"":""BB"",""l"":12,""m"":6,""nkd"":""[[144_12_12]]"",""noise"":""longchain"",""p"":0.001,""r"":12}",
        64,         0,         0,    1.10,bposd,a61e3e43d17e3f5440d23b0ac731e8aa887372e396d426156d384f96acec415e,"{""A"":""'300102'"",""B"":""'031020'"",""b"":""Z"",""code"":""BB"",""l"":12,""m"":6,""nkd"":""[[144_12_12]]"",""noise"":""longchain"",""p"":0.001,""r"":12}",
        64,         0,         0,    1.07,bposd,a61e3e43d17e3f5440d23b0ac731e8aa887372e396d426156d384f96acec415e,"{""A"":""'300102'"",""B"":""'031020'"",""b"":""Z"",""code"":""BB"",""l"":12,""m"":6,""nkd"":""[[144_12_12]]"",""noise"":""longchain"",""p"":0.001,""r"":12}",
        40,         0,         0,   0.655,bposd,a61e3e43d17e3f5440d23b0ac731e8aa887372e396d426156d384f96acec415e,"{""A"":""'300102'"",""B"":""'031020'"",""b"":""Z"",""code"":""BB"",""l"":12,""m"":6,""nkd"":""[[144_12_12]]"",""noise"":""longchain"",""p"":0.001,""r"":12}",
        64,         0,         0,    1.62,bposd,a61e3e43d17e3f5440d23b0ac731e8aa887372e396d426156d384f96acec415e,"{""A"":""'300102'"",""B"":""'031020'"",""b"":""Z"",""code"":""BB"",""l"":12,""m"":6,""nkd"":""[[144_12_12]]"",""noise"":""longchain"",""p"":0.001,""r"":12}",
         8,         0,         0,   0.180,bposd,a61e3e43d17e3f5440d23b0ac731e8aa887372e396d426156d384f96acec415e,"{""A"":""'300102'"",""B"":""'031020'"",""b"":""Z"",""code"":""BB"",""l"":12,""m"":6,""nkd"":""[[144_12_12]]"",""noise"":""longchain"",""p"":0.001,""r"":12}",
        64,         0,         0,    1.22,bposd,a61e3e43d17e3f5440d23b0ac731e8aa887372e396d426156d384f96acec415e,"{""A"":""'300102'"",""B"":""'031020'"",""b"":""Z"",""code"":""BB"",""l"":12,""m"":6,""nkd"":""[[144_12_12]]"",""noise"":""longchain"",""p"":0.001,""r"":12}",
         7,         0,         0,   0.082,bposd,a61e3e43d17e3f5440d23b0ac731e8aa887372e396d426156d384f96acec415e,"{""A"":""'300102'"",""B"":""'031020'"",""b"":""Z"",""code"":""BB"",""l"":12,""m"":6,""nkd"":""[[144_12_12]]"",""noise"":""longchain"",""p"":0.001,""r"":12}",
        20,         0,         0,   0.516,bposd,a61e3e43d17e3f5440d23b0ac731e8aa887372e396d426156d384f96acec415e,"{""A"":""'300102'"",""B"":""'031020'"",""b"":""Z"",""code"":""BB"",""l"":12,""m"":6,""nkd"":""[[144_12_12]]"",""noise"":""longchain"",""p"":0.001,""r"":12}",
        64,         0,         0,    1.15,bposd,a61e3e43d17e3f5440d23b0ac731e8aa887372e396d426156d384f96acec415e,"{""A"":""'300102'"",""B"":""'031020'"",""b"":""Z"",""code"":""BB"",""l"":12,""m"":6,""nkd"":""[[144_12_12]]"",""noise"":""longchain"",""p"":0.001,""r"":12}",
         1,         0,         0,   0.017,bposd,a61e3e43d17e3f5440d23b0ac731e8aa887372e396d426156d384f96acec415e,"{""A"":""'300102'"",""B"":""'031020'"",""b"":""Z"",""code"":""BB"",""l"":12,""m"":6,""nkd"":""[[144_12_12]]"",""noise"":""longchain"",""p"":0.001,""r"":12}",
         1,         0,         0,   0.007,bposd,a61e3e43d17e3f5440d23b0ac731e8aa887372e396d426156d384f96acec415e,"{""A"":""'300102'"",""B"":""'031020'"",""b"":""Z"",""code"":""BB"",""l"":12,""m"":6,""nkd"":""[[144_12_12]]"",""noise"":""longchain"",""p"":0.001,""r"":12}",
        11,         0,         0,   0.242,bposd,a61e3e43d17e3f5440d23b0ac731e8aa887372e396d426156d384f96acec415e,"{""A"":""'300102'"",""B"":""'031020'"",""b"":""Z"",""code"":""BB"",""l"":12,""m"":6,""nkd"":""[[144_12_12]]"",""noise"":""longchain"",""p"":0.001,""r"":12}",
        40,         0,         0,   0.611,bposd,a61e3e43d17e3f5440d23b0ac731e8aa887372e396d426156d384f96acec415e,"{""A"":""'300102'"",""B"":""'031020'"",""b"":""Z"",""code"":""BB"",""l"":12,""m"":6,""nkd"":""[[144_12_12]]"",""noise"":""longchain"",""p"":0.001,""r"":12}",
         7,         0,         0,   0.173,bposd,a61e3e43d17e3f5440d23b0ac731e8aa887372e396d426156d384f96acec415e,"{""A"":""'300102'"",""B"":""'031020'"",""b"":""Z"",""code"":""BB"",""l"":12,""m"":6,""nkd"":""[[144_12_12]]"",""noise"":""longchain"",""p"":0.001,""r"":12}",
        64,         0,         0,    1.32,bposd,a61e3e43d17e3f5440d23b0ac731e8aa887372e396d426156d384f96acec415e,"{""A"":""'300102'"",""B"":""'031020'"",""b"":""Z"",""code"":""BB"",""l"":12,""m"":6,""nkd"":""[[144_12_12]]"",""noise"":""longchain"",""p"":0.001,""r"":12}",
        64,         0,         0,    1.28,bposd,a61e3e43d17e3f5440d23b0ac731e8aa887372e396d426156d384f96acec415e,"{""A"":""'300102'"",""B"":""'031020'"",""b"":""Z"",""code"":""BB"",""l"":12,""m"":6,""nkd"":""[[144_12_12]]"",""noise"":""longchain"",""p"":0.001,""r"":12}",
        64,         0,         0,    1.15,bposd,a61e3e43d17e3f5440d23b0ac731e8aa887372e396d426156d384f96acec415e,"{""A"":""'300102'"",""B"":""'031020'"",""b"":""Z"",""code"":""BB"",""l"":12,""m"":6,""nkd"":""[[144_12_12]]"",""noise"":""longchain"",""p"":0.001,""r"":12}",
        40,         0,         0,   0.653,bposd,a61e3e43d17e3f5440d23b0ac731e8aa887372e396d426156d384f96acec415e,"{""A"":""'300102'"",""B"":""'031020'"",""b"":""Z"",""code"":""BB"",""l"":12,""m"":6,""nkd"":""[[144_12_12]]"",""noise"":""longchain"",""p"":0.001,""r"":12}",
        40,         0,         0,   0.726,bposd,a61e3e43d17e3f5440d23b0ac731e8aa887372e396d426156d384f96acec415e,"{""A"":""'300102'"",""B"":""'031020'"",""b"":""Z"",""code"":""BB"",""l"":12,""m"":6,""nkd"":""[[144_12_12]]"",""noise"":""longchain"",""p"":0.001,""r"":12}",
        11,         0,         0,   0.156,bposd,a61e3e43d17e3f5440d23b0ac731e8aa887372e396d426156d384f96acec415e,"{""A"":""'300102'"",""B"":""'031020'"",""b"":""Z"",""code"":""BB"",""l"":12,""m"":6,""nkd"":""[[144_12_12]]"",""noise"":""longchain"",""p"":0.001,""r"":12}",
        64,         0,         0,    1.47,bposd,a61e3e43d17e3f5440d23b0ac731e8aa887372e396d426156d384f96acec415e,"{""A"":""'300102'"",""B"":""'031020'"",""b"":""Z"",""code"":""BB"",""l"":12,""m"":6,""nkd"":""[[144_12_12]]"",""noise"":""longchain"",""p"":0.001,""r"":12}",
         1,         0,         0,   0.011,bposd,a61e3e43d17e3f5440d23b0ac731e8aa887372e396d426156d384f96acec415e,"{""A"":""'300102'"",""B"":""'031020'"",""b"":""Z"",""code"":""BB"",""l"":12,""m"":6,""nkd"":""[[144_12_12]]"",""noise"":""longchain"",""p"":0.001,""r"":12}",
        64,         0,         0,    1.06,bposd,a61e3e43d17e3f5440d23b0ac731e8aa887372e396d426156d384f96acec415e,"{""A"":""'300102'"",""B"":""'031020'"",""b"":""Z"",""code"":""BB"",""l"":12,""m"":6,""nkd"":""[[144_12_12]]"",""noise"":""longchain"",""p"":0.001,""r"":12}",
        12,         0,         0,   0.190,bposd,a61e3e43d17e3f5440d23b0ac731e8aa887372e396d426156d384f96acec415e,"{""A"":""'300102'"",""B"":""'031020'"",""b"":""Z"",""code"":""BB"",""l"":12,""m"":6,""nkd"":""[[144_12_12]]"",""noise"":""longchain"",""p"":0.001,""r"":12}",
        22,         0,         0,   0.544,bposd,a61e3e43d17e3f5440d23b0ac731e8aa887372e396d426156d384f96acec415e,"{""A"":""'300102'"",""B"":""'031020'"",""b"":""Z"",""code"":""BB"",""l"":12,""m"":6,""nkd"":""[[144_12_12]]"",""noise"":""longchain"",""p"":0.001,""r"":12}",
        11,         0,         0,   0.153,bposd,a61e3e43d17e3f5440d23b0ac731e8aa887372e396d426156d384f96acec415e,"{""A"":""'300102'"",""B"":""'031020'"",""b"":""Z"",""code"":""BB"",""l"":12,""m"":6,""nkd"":""[[144_12_12]]"",""noise"":""longchain"",""p"":0.001,""r"":12}",
         7,         0,         0,   0.105,bposd,a61e3e43d17e3f5440d23b0ac731e8aa887372e396d426156d384f96acec415e,"{""A"":""'300102'"",""B"":""'031020'"",""b"":""Z"",""code"":""BB"",""l"":12,""m"":6,""nkd"":""[[144_12_12]]"",""noise"":""longchain"",""p"":0.001,""r"":12}",
        64,         0,         0,    1.02,bposd,a61e3e43d17e3f5440d23b0ac731e8aa887372e396d426156d384f96acec415e,"{""A"":""'300102'"",""B"":""'031020'"",""b"":""Z"",""code"":""BB"",""l"":12,""m"":6,""nkd"":""[[144_12_12]]"",""noise"":""longchain"",""p"":0.001,""r"":12}",
         1,         0,         0,   0.008,bposd,a61e3e43d17e3f5440d23b0ac731e8aa887372e396d426156d384f96acec415e,"{""A"":""'300102'"",""B"":""'031020'"",""b"":""Z"",""code"":""BB"",""l"":12,""m"":6,""nkd"":""[[144_12_12]]"",""noise"":""longchain"",""p"":0.001,""r"":12}",
        11,         0,         0,   0.359,bposd,a61e3e43d17e3f5440d23b0ac731e8aa887372e396d426156d384f96acec415e,"{""A"":""'300102'"",""B"":""'031020'"",""b"":""Z"",""code"":""BB"",""l"":12,""m"":6,""nkd"":""[[144_12_12]]"",""noise"":""longchain"",""p"":0.001,""r"":12}",
        16,         0,         0,   0.403,bposd,a61e3e43d17e3f5440d23b0ac731e8aa887372e396d426156d384f96acec415e,"{""A"":""'300102'"",""B"":""'031020'"",""b"":""Z"",""code"":""BB"",""l"":12,""m"":6,""nkd"":""[[144_12_12]]"",""noise"":""longchain"",""p"":0.001,""r"":12}",
        11,         0,         0,   0.205,bposd,a61e3e43d17e3f5440d23b0ac731e8aa887372e396d426156d384f96acec415e,"{""A"":""'300102'"",""B"":""'031020'"",""b"":""Z"",""code"":""BB"",""l"":12,""m"":6,""nkd"":""[[144_12_12]]"",""noise"":""longchain"",""p"":0.001,""r"":12}",
         7,         0,         0,   0.118,bposd,a61e3e43d17e3f5440d23b0ac731e8aa887372e396d426156d384f96acec415e,"{""A"":""'300102'"",""B"":""'031020'"",""b"":""Z"",""code"":""BB"",""l"":12,""m"":6,""nkd"":""[[144_12_12]]"",""noise"":""longchain"",""p"":0.001,""r"":12}",
        29,         0,         0,   0.433,bposd,a61e3e43d17e3f5440d23b0ac731e8aa887372e396d426156d384f96acec415e,"{""A"":""'300102'"",""B"":""'031020'"",""b"":""Z"",""code"":""BB"",""l"":12,""m"":6,""nkd"":""[[144_12_12]]"",""noise"":""longchain"",""p"":0.001,""r"":12}",
        64,         0,         0,    1.16,bposd,a61e3e43d17e3f5440d23b0ac731e8aa887372e396d426156d384f96acec415e,"{""A"":""'300102'"",""B"":""'031020'"",""b"":""Z"",""code"":""BB"",""l"":12,""m"":6,""nkd"":""[[144_12_12]]"",""noise"":""longchain"",""p"":0.001,""r"":12}",
         1,         0,         0,   0.004,bposd,a61e3e43d17e3f5440d23b0ac731e8aa887372e396d426156d384f96acec415e,"{""A"":""'300102'"",""B"":""'031020'"",""b"":""Z"",""code"":""BB"",""l"":12,""m"":6,""nkd"":""[[144_12_12]]"",""noise"":""longchain"",""p"":0.001,""r"":12}",
         6,         0,         0,   0.092,bposd,a61e3e43d17e3f5440d23b0ac731e8aa887372e396d426156d384f96acec415e,"{""A"":""'300102'"",""B"":""'031020'"",""b"":""Z"",""code"":""BB"",""l"":12,""m"":6,""nkd"":""[[144_12_12]]"",""noise"":""longchain"",""p"":0.001,""r"":12}",
        64,         0,         0,    1.75,bposd,a61e3e43d17e3f5440d23b0ac731e8aa887372e396d426156d384f96acec415e,"{""A"":""'300102'"",""B"":""'031020'"",""b"":""Z"",""code"":""BB"",""l"":12,""m"":6,""nkd"":""[[144_12_12]]"",""noise"":""longchain"",""p"":0.001,""r"":12}",
        29,         0,         0,   0.722,bposd,a61e3e43d17e3f5440d23b0ac731e8aa887372e396d426156d384f96acec415e,"{""A"":""'300102'"",""B"":""'031020'"",""b"":""Z"",""code"":""BB"",""l"":12,""m"":6,""nkd"":""[[144_12_12]]"",""noise"":""longchain"",""p"":0.001,""r"":12}",
        53,         0,         0,   0.999,bposd,a61e3e43d17e3f5440d23b0ac731e8aa887372e396d426156d384f96acec415e,"{""A"":""'300102'"",""B"":""'031020'"",""b"":""Z"",""code"":""BB"",""l"":12,""m"":6,""nkd"":""[[144_12_12]]"",""noise"":""longchain"",""p"":0.001,""r"":12}",
         7,         0,         0,   0.133,bposd,a61e3e43d17e3f5440d23b0ac731e8aa887372e396d426156d384f96acec415e,"{""A"":""'300102'"",""B"":""'031020'"",""b"":""Z"",""code"":""BB"",""l"":12,""m"":6,""nkd"":""[[144_12_12]]"",""noise"":""longchain"",""p"":0.001,""r"":12}",
        11,         0,         0,   0.144,bposd,a61e3e43d17e3f5440d23b0ac731e8aa887372e396d426156d384f96acec415e,"{""A"":""'300102'"",""B"":""'031020'"",""b"":""Z"",""code"":""BB"",""l"":12,""m"":6,""nkd"":""[[144_12_12]]"",""noise"":""longchain"",""p"":0.001,""r"":12}",
        11,         0,         0,   0.161,bposd,a61e3e43d17e3f5440d23b0ac731e8aa887372e396d426156d384f96acec415e,"{""A"":""'300102'"",""B"":""'031020'"",""b"":""Z"",""code"":""BB"",""l"":12,""m"":6,""nkd"":""[[144_12_12]]"",""noise"":""longchain"",""p"":0.001,""r"":12}",
        11,         0,         0,   0.180,bposd,a61e3e43d17e3f5440d23b0ac731e8aa887372e396d426156d384f96acec415e,"{""A"":""'300102'"",""B"":""'031020'"",""b"":""Z"",""code"":""BB"",""l"":12,""m"":6,""nkd"":""[[144_12_12]]"",""noise"":""longchain"",""p"":0.001,""r"":12}",
        49,         0,         0,    1.10,bposd,a61e3e43d17e3f5440d23b0ac731e8aa887372e396d426156d384f96acec415e,"{""A"":""'300102'"",""B"":""'031020'"",""b"":""Z"",""code"":""BB"",""l"":12,""m"":6,""nkd"":""[[144_12_12]]"",""noise"":""longchain"",""p"":0.001,""r"":12}",
